titulo,precio,proteinas,carbohidratos,grasas,fibra,calorias,texto_busqueda,norm_precio,norm_nutri,score_nutricional,categorias
Yogur natural,1.33,3.3,4.3,3.5,0.0,62.0,yogur natural dia yogur natural dia láctea pack 8 x 125 g,0.8816,1.65,52.34,yogures_y_postres
Yogur natural con azúcar de caña,1.39,3.3,11.6,3.5,0.0,91.0,yogur natural con azúcar de caña dia yogur natural con azúcar de caña dia láctea pack 8 x 125 g,0.8723,1.65,50.88,yogures_y_postres
Yogur natural desnatado edulcorado,0.99,3.9,5.6,0.1,0.0,39.0,yogur natural desnatado edulcorado dia yogur natural desnatado edulcorado dia láctea pack 6 x 125 g,0.9346,1.95,54.68,yogures_y_postres
Yogur natural de cabra,1.59,4.2,4.7,4.9,0.0,85.0,yogur natural de cabra dia yogur natural de cabra dia láctea pack 2 x 125 g,0.8411,2.1,52.91,yogures_y_postres
Yogur sabores,2.4,3.1,11.3,1.9,0.0,75.0,yogur sabores dia yogur sabores dia láctea pack 16 x 125 g,0.715,1.55,51.44,yogures_y_postres
Yogur con frutas,1.99,0.0,4.3,3.5,0.0,62.0,yogur con frutas dia yogur con frutas dia láctea pack 8 x 125 g,0.7788,0.0,47.39,yogures_y_postres
"Yogur sabor coco, fresa, frutos del bosque y macedonia",1.99,3.0,10.0,2.2,0.0,72.0,"yogur sabor coco, fresa, frutos del bosque y macedonia danone yogur sabor coco, fresa, frutos del bosque y macedonia danone pack 8 x 120 g",0.7788,1.5,51.4,yogures_y_postres
Yogur sabor limón,1.0,3.0,10.0,2.2,0.0,72.0,yogur sabor limón danone yogur sabor limón danone pack 4 x 125 g,0.933,1.5,51.4,yogures_y_postres
Yogur griego stracciatella Dia,1.9,2.4,15.4,8.2,0.0,148.0,yogur griego stracciatella dia fidias yogur griego stracciatella dia fidias pack 6 x 125 g,0.7928,1.2,46.42,yogures_y_postres
Yogur griego natural Dia,1.55,3.6,5.4,9.9,0.0,125.0,yogur griego natural dia fidias yogur griego natural dia fidias pack 6 x 125 g,0.8474,1.8,49.37,yogures_y_postres
Yogur griego natural con azúcar de caña Dia,1.59,3.3,11.9,9.2,0.0,144.0,yogur griego natural con azúcar de caña dia fidias yogur griego natural con azúcar de caña dia fidias pack 6 x 125 g,0.8411,1.65,47.97,yogures_y_postres
Yogur griego con fresa Dia,1.7,2.8,11.9,7.5,0.0,129.0,yogur griego con fresa dia fidias yogur griego con fresa dia fidias pack 6 x 125 g,0.824,1.4,48.07,yogures_y_postres
L-Casei fresa-plátano y coco-piña,2.25,2.6,10.7,1.6,0.0,70.0,l-casei fresa-plátano y coco-piña dia l-casei fresa-plátano y coco-piña dia pack 12 x 100 g,0.7383,1.3,50.96,yogures_y_postres
Bebida de fresa,2.0,1.8,11.4,1.2,0.0,66.0,bebida de fresa dia bebida de fresa dia láctea pack 12 x 100 g,0.7773,0.9,49.82,yogures_y_postres
Yogur líquido sabor fresa y plátano,1.49,2.6,11.4,2.0,0.0,76.0,yogur líquido sabor fresa y plátano dia yogur líquido sabor fresa y plátano dia láctea botella 1 kg,0.8567,1.3,50.62,yogures_y_postres
Bebida de yogur sabor fresa y plátano alta en proteínas,1.25,0.0,4.9,0.6,0.0,66.0,bebida de yogur sabor fresa y plátano alta en proteínas dia bebida de yogur sabor fresa y plátano alta en proteínas dia láctea botella 250 ml,0.8941,0.0,48.72,yogures_y_postres
Bífidus con nueces y cereales doble 0%,1.0,0.0,7.7,0.3,0.0,56.0,bífidus con nueces y cereales doble 0% dia bífidus con nueces y cereales doble 0% dia pack 4 x 125 g,0.933,0.0,48.31,yogures_y_postres
Bífidus con fresa doble 0%,1.0,0.0,6.4,0.0,0.0,45.0,bífidus con fresa doble 0% dia bífidus con fresa doble 0% dia pack 4 x 125 g,0.933,0.0,48.72,yogures_y_postres
Bífidus con kiwi y ciruela doble 0%,1.0,125.0,6.7,0.5,0.0,50.0,bífidus con kiwi y ciruela doble 0% dia bífidus con kiwi y ciruela doble 0% dia pack 4 x 125 g,0.933,62.5,100.0,yogures_y_postres
Bebida láctea natural 0% azúcares añadidos,1.89,2.9,3.8,1.2,0.0,50.0,bebida láctea natural 0% azúcares añadidos diacol bebida láctea natural 0% azúcares añadidos diacol pack 6 x 100 g,0.7944,1.45,52.99,yogures_y_postres
Kéfir,1.55,3.1,4.1,3.2,0.0,58.0,kéfir dia kéfir dia láctea botella 500 g,0.8474,1.55,52.23,yogures_y_postres
Kéfir con arándanos,1.75,0.0,8.2,3.2,0.0,79.0,kéfir con arándanos dia kéfir con arándanos dia láctea pack 4 x 125 g,0.8162,0.0,46.76,yogures_y_postres
Kéfir natural desnatado,1.89,3.7,5.6,0.1,0.0,38.0,kéfir natural desnatado dia kéfir natural desnatado dia láctea pack 4 x 180 g,0.7944,1.85,54.38,yogures_y_postres
Kéfir cremoso suave,1.25,4.3,3.4,5.0,0.0,76.0,kéfir cremoso suave dia kéfir cremoso suave dia láctea vaso 250 g,0.8941,2.15,53.27,yogures_y_postres
Yogur de stracciatella alto en proteínas,1.49,120.0,2.5,0.5,0.0,53.0,yogur de stracciatella alto en proteínas dia yogur de stracciatella alto en proteínas dia láctea pack 4 x 120 g,0.8567,60.0,100.0,yogures_y_postres
Flan de huevo alto en proteínas,1.99,100.0,5.9,0.3,0.0,66.0,flan de huevo alto en proteínas dia flan de huevo alto en proteínas dia láctea pack 4 x 100 g,0.7788,50.0,100.0,yogures_y_postres
Natillas sabor vainilla alta en proteínas,1.79,125.0,7.7,1.3,0.0,82.0,natillas sabor vainilla alta en proteínas dia natillas sabor vainilla alta en proteínas dia láctea pack 4 x 125 g,0.81,62.5,100.0,yogures_y_postres
Queso quark con fresa alto en proteínas,1.29,200.0,3.3,0.4,0.0,67.0,queso quark con fresa alto en proteínas dia queso quark con fresa alto en proteínas dia láctea 200 g,0.8879,100.0,100.0,yogures_y_postres
Petit de fresa y plátano,0.99,6.9,11.2,2.7,0.0,97.0,petit de fresa y plátano dia petit de fresa y plátano dia láctea pack 6 x 50 g,0.9346,3.45,56.76,yogures_y_postres
Petit de fresa,0.99,6.9,11.4,2.7,0.0,98.0,petit de fresa dia petit de fresa dia láctea pack 6 x 50 g,0.9346,3.45,56.72,yogures_y_postres
Petit de fresa líquido,1.95,4.4,12.1,2.5,0.0,89.0,petit de fresa líquido dia petit de fresa líquido dia láctea pack 4 x 80 g,0.785,2.2,52.93,yogures_y_postres
Petit de chocolate,1.85,4.2,21.6,6.1,0.5,160.0,petit de chocolate nesquik petit de chocolate nesquik pack 6 x 60 g,0.8006,2.1,49.93,yogures_y_postres
Copa de chocolate y nata,1.39,0.0,19.0,3.0,0.0,118.0,copa de chocolate y nata dia copa de chocolate y nata dia caprichoso pack 4 x 115 g,0.8723,0.0,44.7,yogures_y_postres
Mousse de chocolate con leche,1.0,4.8,21.2,6.0,0.0,159.0,mousse de chocolate con leche dia mousse de chocolate con leche dia caprichoso pack 4 x 60 g,0.933,2.4,49.96,yogures_y_postres
Tiramisú,1.0,0.0,27.0,9.8,0.0,213.0,tiramisú dia tiramisú dia caprichoso pack 2 x 90 g,0.933,0.0,39.7,yogures_y_postres
Postre de torrija,1.99,3.8,31.0,5.2,0.0,186.0,postre de torrija dia postre de torrija dia caprichoso pack 2 x 85 g,0.7788,1.9,46.9,yogures_y_postres
Arroz con leche,1.3,2.6,22.0,3.9,0.0,136.0,arroz con leche dia arroz con leche dia caprichoso pack 4 x 125 g,0.8863,1.3,47.55,yogures_y_postres
Natillas sabor vainilla,1.05,0.0,20.0,2.7,0.0,114.0,natillas sabor vainilla dia natillas sabor vainilla dia caprichoso pack 4 x 125 g,0.9252,0.0,44.65,yogures_y_postres
Natillas de chocolate,1.05,3.5,21.1,3.1,0.0,126.0,natillas de chocolate dia natillas de chocolate dia caprichoso pack 4 x 125 g,0.9252,1.75,49.48,yogures_y_postres
Flan de vainilla,1.15,2.4,18.7,1.6,0.0,99.0,flan de vainilla dia flan de vainilla dia caprichoso pack 6 x 100 g,0.9097,1.2,49.06,yogures_y_postres
Azúcar blanco,1.0,0.5,100.0,0.0,0.0,400.0,azúcar blanco dia azúcar blanco dia paquete 1 kg,0.933,0.25,30.75,azucar_y_chocolates
Azúcar blanco,1.07,0.0,100.0,0.0,0.0,400.0,azúcar blanco azucarera azúcar blanco azucarera paquete 1 kg,0.9221,0.0,30.0,azucar_y_chocolates
Edulcorante líquido,1.13,0.0,0.0,0.0,0.0,0.0,edulcorante líquido dia edulcorante líquido dia botella 200 ml,0.9128,0.0,50.0,azucar_y_chocolates
Azúcar moreno de caña integral,1.89,0.5,100.0,0.0,0.0,402.0,azúcar moreno de caña integral dia azúcar moreno de caña integral dia bolsa 1 kg,0.7944,0.25,30.75,azucar_y_chocolates
Miel de flores Mielove de,4.89,0.2,82.5,0.0,0.0,330.0,miel de flores mielove de dia miel de flores mielove de dia frasco 1 kg,0.3271,0.1,33.8,azucar_y_chocolates
Miel de flores antigoteo Mielove de,3.19,0.2,82.5,0.0,0.0,330.0,miel de flores antigoteo mielove de dia miel de flores antigoteo mielove de dia frasco 500 g,0.5919,0.1,33.8,azucar_y_chocolates
Miel de eucalipto Mielove de,3.19,0.0,83.0,0.0,0.0,335.0,miel de eucalipto mielove de dia miel de eucalipto mielove de dia frasco 350 g,0.5919,0.0,33.4,azucar_y_chocolates
Miel de montaña Mielove de,4.99,0.0,83.0,0.0,0.0,331.0,miel de montaña mielove de dia miel de montaña mielove de dia frasco 500 g,0.3115,0.0,33.4,azucar_y_chocolates
Mermelada de fresa extra,1.5,0.5,48.0,0.0,0.0,197.0,mermelada de fresa extra dia mermelada de fresa extra dia fruticampo frasco 390 g,0.8551,0.25,41.15,azucar_y_chocolates
Mermelada de melocotón extra,1.5,0.5,48.0,0.0,0.0,197.0,mermelada de melocotón extra dia mermelada de melocotón extra dia fruticampo frasco 390 g,0.8551,0.25,41.15,azucar_y_chocolates
Mermelada de fresa 0% sin azúcares añadidos,1.6,0.5,3.6,0.0,0.0,19.0,mermelada de fresa 0% sin azúcares añadidos dia mermelada de fresa 0% sin azúcares añadidos dia fruticampo frasco 330 g,0.8396,0.25,50.03,azucar_y_chocolates
Melocotón en almíbar,2.05,0.5,14.2,0.5,0.0,58.0,melocotón en almíbar dia melocotón en almíbar dia fruticampo 480 g,0.7695,0.25,47.66,azucar_y_chocolates
Crema al cacao duo,1.89,4.2,60.0,31.0,0.0,539.0,crema al cacao duo dia crema al cacao duo dia temptation bote 400 g,0.7944,2.1,28.8,azucar_y_chocolates
Crema al cacao,1.89,4.5,57.0,32.0,0.0,540.0,crema al cacao dia crema al cacao dia temptation bote 400 g,0.7944,2.25,29.35,azucar_y_chocolates
Crema de avellanas y cacao,2.33,6.2,56.5,30.7,0.0,533.0,crema de avellanas y cacao dia crema de avellanas y cacao dia temptation frasco 380 g,0.7259,3.1,32.65,azucar_y_chocolates
Crema de cacao con avellanas,3.99,6.3,57.5,30.9,0.0,539.0,crema de cacao con avellanas nutella crema de cacao con avellanas nutella bote 350 g,0.4673,3.15,32.5,azucar_y_chocolates
Perlitas de chocolate,3.79,4.2,60.0,26.0,0.0,504.0,perlitas de chocolate dr. oetker perlitas de chocolate dr. oetker bolsa 100 g,0.4984,2.1,31.3,azucar_y_chocolates
Sirope de chocolate Delimagic de,1.79,1.7,75.0,0.9,0.0,320.0,sirope de chocolate delimagic de dia sirope de chocolate delimagic de dia botella 295 g,0.81,0.85,37.1,azucar_y_chocolates
Fideos de chocolate negro,1.79,6.0,59.0,25.0,0.0,501.0,fideos de chocolate negro dekora fideos de chocolate negro dekora bolsa 100 g,0.81,3.0,34.7,azucar_y_chocolates
Preparado para crepes Delimagic de,1.99,9.4,74.1,2.0,0.0,357.0,preparado para crepes delimagic de dia preparado para crepes delimagic de dia frasco 200 g,0.7788,4.7,48.28,azucar_y_chocolates
Mini barritas de chocolate con leche,0.85,9.1,50.6,34.9,0.0,555.0,mini barritas de chocolate con leche dia mini barritas de chocolate con leche dia temptation caja 50 g,0.9564,4.55,36.08,azucar_y_chocolates
Chocolate negro 85% cacao,1.95,11.0,22.0,43.0,0.0,542.0,chocolate negro 85% cacao dia chocolate negro 85% cacao dia temptation 100 g,0.785,5.5,40.6,azucar_y_chocolates
Chocolate con leche,1.0,5.6,58.0,32.0,0.0,546.0,chocolate con leche dia chocolate con leche dia temptation 100 g,0.933,2.8,30.8,azucar_y_chocolates
Chocolate blanco,1.15,6.0,59.0,31.0,0.0,539.0,chocolate blanco dia chocolate blanco dia temptation 100 g,0.9097,3.0,31.7,azucar_y_chocolates
Golosinas surtidas mix brillo,1.15,6.0,75.0,0.0,0.0,322.0,golosinas surtidas mix brillo dia golosinas surtidas mix brillo dia marcelo caramelo bolsa 200 g,0.9097,3.0,44.0,azucar_y_chocolates
Golosinas surtidas mix pica,1.15,4.6,76.0,0.0,0.0,315.0,golosinas surtidas mix pica dia golosinas surtidas mix pica dia marcelo caramelo bolsa 200 g,0.9097,2.3,41.7,azucar_y_chocolates
Golosinas fruta tropical con 8% zumo,0.95,4.3,78.0,0.2,0.0,336.0,golosinas fruta tropical con 8% zumo dia golosinas fruta tropical con 8% zumo dia marcelo caramelo bolsa 100 g,0.9408,2.15,40.75,azucar_y_chocolates
Regaliz rojo torcidas,1.15,3.5,75.0,3.5,0.0,346.0,regaliz rojo torcidas dia regaliz rojo torcidas dia marcelo caramelo bolsa 225 g,0.9097,1.75,38.5,azucar_y_chocolates
Pechuga de pavo,3.95,0.0,0.5,0.5,0.0,74.0,pechuga de pavo dia pechuga de pavo dia nuestra alacena 2 x 200 g,0.4735,0.0,49.65,charcuteria_y_quesos
Jamón cocido extra 97%,1.99,20.0,0.5,2.0,0.0,100.0,jamón cocido extra 97% dia jamón cocido extra 97% dia nuestra alacena 150 g,0.7788,10.0,78.9,charcuteria_y_quesos
Jamón cocido extra,3.45,18.5,0.3,2.5,0.0,98.0,jamón cocido extra dia jamón cocido extra dia nuestra alacena 2 x 225 g,0.5514,9.25,76.44,charcuteria_y_quesos
Lacón cortado a mano,2.99,19.5,1.0,3.1,0.0,110.0,lacón cortado a mano dia lacón cortado a mano dia nuestra alacena 170 g,0.6231,9.75,77.5,charcuteria_y_quesos
Jamón Serrano,3.69,27.0,0.5,16.0,0.0,254.0,jamón serrano dia jamón serrano dia nuestra alacena 200 g,0.514,13.5,82.4,charcuteria_y_quesos
Mini taquitos de jamón curado,2.21,32.0,0.5,16.0,0.0,274.0,mini taquitos de jamón curado dia mini taquitos de jamón curado dia nuestra alacena 2 x 75 g,0.7445,16.0,89.9,charcuteria_y_quesos
Jamón serrano lonchas extrafinas,2.45,27.0,0.5,16.0,0.0,254.0,jamón serrano lonchas extrafinas dia jamón serrano lonchas extrafinas dia nuestra alacena 120 g,0.7072,13.5,82.4,charcuteria_y_quesos
Jamón curado gran reserva 50% Duroc,2.29,29.6,0.0,23.9,0.0,334.0,jamón curado gran reserva 50% duroc dia jamón curado gran reserva 50% duroc dia nuestra alacena 90 g,0.7321,14.8,82.45,charcuteria_y_quesos
Chorizo extra,1.66,18.5,1.7,20.0,0.0,261.0,chorizo extra dia chorizo extra dia nuestra alacena 2 x 100 g,0.8302,9.25,67.41,charcuteria_y_quesos
Salchichón extra,1.63,19.0,5.0,19.5,0.0,272.0,salchichón extra dia salchichón extra dia nuestra alacena 2 x 100 g,0.8349,9.5,67.75,charcuteria_y_quesos
Espetec extra,2.25,28.5,4.0,37.0,0.0,463.0,espetec extra dia espetec extra dia nuestra alacena 170 g,0.7383,14.25,73.45,charcuteria_y_quesos
Pepperoni,1.19,20.0,1.0,40.0,0.0,444.0,pepperoni dia pepperoni dia nuestra alacena 75 g,0.9034,10.0,59.8,charcuteria_y_quesos
Bacon en tiras,1.99,15.0,1.0,25.0,0.0,289.0,bacon en tiras dia bacon en tiras dia nuestra alacena 2 x 100 g,0.7788,7.5,59.8,charcuteria_y_quesos
Bacon en lonchas,2.19,15.0,1.0,25.0,0.0,289.0,bacon en lonchas dia bacon en lonchas dia nuestra alacena 200 g,0.7477,7.5,59.8,charcuteria_y_quesos
Salchichas frankfurt,0.99,13.0,2.8,15.0,0.0,198.0,salchichas frankfurt dia salchichas frankfurt dia funky frank 2 x 160 g,0.9346,6.5,61.44,charcuteria_y_quesos
Salchichas frankfurt con queso,0.99,13.0,2.2,18.0,0.0,223.0,salchichas frankfurt con queso dia salchichas frankfurt con queso dia funky frank 2 x 140 g,0.9346,6.5,60.06,charcuteria_y_quesos
Mortadela con aceitunas,1.25,0.0,6.3,21.0,0.0,254.0,mortadela con aceitunas dia mortadela con aceitunas dia nuestra alacena 250 g,0.8941,0.0,38.24,charcuteria_y_quesos
Mortadela,1.25,0.0,4.5,24.0,0.0,282.0,mortadela dia mortadela dia nuestra alacena 250 g,0.8941,0.0,37.1,charcuteria_y_quesos
Chopped pork,1.4,0.0,5.0,12.0,0.0,176.0,chopped pork dia chopped pork dia nuestra alacena 250 g,0.8707,0.0,43.0,charcuteria_y_quesos
Mortadela Bologna I.G.P.,1.89,15.0,0.0,25.0,0.0,285.0,mortadela bologna i.g.p. dia mortadela bologna i.g.p. dia selección mundial 150 g,0.7944,7.5,60.0,charcuteria_y_quesos
Paté clásico,1.0,7.4,2.8,19.0,0.0,214.0,paté clásico la piara paté clásico la piara 2 x 75 g,0.933,3.7,51.04,charcuteria_y_quesos
Paté a la pimienta,0.86,11.3,1.3,26.5,0.0,289.0,paté a la pimienta dia paté a la pimienta dia nuestra alacena 125 g,0.9548,5.65,53.44,charcuteria_y_quesos
Paté de atún,1.55,8.5,5.7,13.9,0.0,183.0,paté de atún dia paté de atún dia nuestra alacena 2 x 75 g,0.8474,4.25,54.66,charcuteria_y_quesos
Paté de sardinas,1.49,6.5,6.9,33.2,0.0,352.0,paté de sardinas dia paté de sardinas dia nuestra alacena 110 g,0.8567,3.25,41.77,charcuteria_y_quesos
Queso semicurado,2.46,22.0,1.0,32.0,0.0,380.0,queso semicurado dia queso semicurado dia el cencerro 250 g,0.7056,11.0,66.8,charcuteria_y_quesos
Queso curado,2.99,23.0,1.0,34.0,0.0,402.0,queso curado dia queso curado dia el cencerro 250 g,0.6231,11.5,67.3,charcuteria_y_quesos
Queso tierno mezcla,2.24,22.5,1.6,32.0,0.0,384.0,queso tierno mezcla dia queso tierno mezcla dia el cencerro 250 g,0.7399,11.25,67.43,charcuteria_y_quesos
Queso de oveja curado,2.99,24.0,1.0,36.0,0.0,424.0,queso de oveja curado dia queso de oveja curado dia el cencerro 200 g,0.6231,12.0,67.8,charcuteria_y_quesos
Queso mozzarella rallado,1.65,24.5,1.8,22.5,0.0,304.0,queso mozzarella rallado dia queso mozzarella rallado dia láctea 200 g,0.8318,12.25,75.14,charcuteria_y_quesos
Queso gouda,1.8,23.1,0.0,27.9,0.0,344.0,queso gouda dia queso gouda dia selección mundial 240 g,0.8084,11.55,70.7,charcuteria_y_quesos
Queso rallado 4 quesos,2.09,26.0,1.9,30.0,0.0,370.0,queso rallado 4 quesos dia queso rallado 4 quesos dia láctea 200 g,0.7632,13.0,73.62,charcuteria_y_quesos
Queso tex-mex picante rallado,1.39,21.5,0.0,29.1,0.0,352.0,queso tex-mex picante rallado dia queso tex-mex picante rallado dia láctea 150 g,0.8723,10.75,67.7,charcuteria_y_quesos
Queso de untar natural,1.21,4.5,3.0,25.0,0.0,252.0,queso de untar natural dia queso de untar natural dia láctea 250 g,0.9003,2.25,43.65,charcuteria_y_quesos
Queso de untar natural light,1.21,7.8,3.3,16.0,0.0,190.0,queso de untar natural light dia queso de untar natural light dia láctea 250 g,0.9003,3.9,53.04,charcuteria_y_quesos
Queso fresco de Burgos,1.0,11.0,3.6,12.0,0.0,166.0,queso fresco de burgos dia queso fresco de burgos dia láctea 4 x 62.5 g,0.933,5.5,59.78,charcuteria_y_quesos
Queso fresco de vaca,1.7,13.3,2.3,14.0,1.0,190.0,queso fresco de vaca dia queso fresco de vaca dia el cencerro 250 g,0.824,6.65,64.49,charcuteria_y_quesos
Mozzarella fior di latte 100% natural,1.19,18.2,0.5,17.5,0.0,232.0,mozzarella fior di latte 100% natural dia mozzarella fior di latte 100% natural dia selección mundial 125 g,0.9034,9.1,68.45,charcuteria_y_quesos
Queso fresco de Burgos,1.09,11.0,3.6,12.0,0.0,166.0,queso fresco de burgos dia queso fresco de burgos dia láctea 250 g,0.919,5.5,59.78,charcuteria_y_quesos
Queso azul,1.36,0.0,0.0,32.0,0.0,368.0,queso azul dia queso azul dia láctea 100 g,0.8769,0.0,34.0,charcuteria_y_quesos
Medallones de queso de cabra,1.45,15.1,2.7,24.1,0.0,298.0,medallones de queso de cabra dia medallones de queso de cabra dia láctea 100 g,0.8629,7.55,60.06,charcuteria_y_quesos
Galletas rellenas de crema de chocolate Galleteca de,1.3,0.0,67.0,20.0,4.0,480.0,galletas rellenas de crema de chocolate galleteca de dia galletas rellenas de crema de chocolate galleteca de dia paquete 500 g,0.8863,0.0,34.6,galletas
Galletas dorada maría Galleteca de,1.39,5.7,74.0,15.0,2.0,458.0,galletas dorada maría galleteca de dia galletas dorada maría galleteca de dia paquete 800 g,0.8723,2.85,40.25,galletas
Galletas digestive con chocolate Galleteca de,1.4,6.0,63.0,20.0,3.6,463.0,galletas digestive con chocolate galleteca de dia galletas digestive con chocolate galleteca de dia paquete 300 g,0.8707,3.0,43.6,galletas
Galletas pretzel rosa Galleteca de,1.59,8.2,65.4,20.6,0.0,484.0,galletas pretzel rosa galleteca de dia galletas pretzel rosa galleteca de dia 100 g,0.8411,4.1,38.92,galletas
Mini galletas con pepitas de chocolate Galleteca de,1.4,5.9,62.0,23.7,0.0,492.0,mini galletas con pepitas de chocolate galleteca de dia mini galletas con pepitas de chocolate galleteca de dia caja 160 g,0.8707,2.95,34.6,galletas
Galletas rellenas de caramelo salado Galleteca de,1.45,5.0,65.8,22.9,0.0,493.0,galletas rellenas de caramelo salado galleteca de dia galletas rellenas de caramelo salado galleteca de dia bolsa 120 g,0.8629,2.5,32.89,galletas
Galletas cubiertas de chocolate con leche Galleteca de,1.4,5.8,66.0,22.0,2.8,491.0,galletas cubiertas de chocolate con leche galleteca de dia galletas cubiertas de chocolate con leche galleteca de dia caja 150 g,0.8707,2.9,40.1,galletas
Barquillos rellenos de cacao Galleteca de,1.15,5.9,60.0,28.0,5.9,521.0,barquillos rellenos de cacao galleteca de dia barquillos rellenos de cacao galleteca de dia bolsa 210 g,0.9097,2.95,44.65,galletas
Galletas relieve Galleteca de,1.59,6.5,70.0,18.0,0.0,474.0,galletas relieve galleteca de dia galletas relieve galleteca de dia caja 735 g,0.8411,3.25,36.75,galletas
Roscos de galleta con chocolate blanco chocoaros Galleteca de,1.0,6.4,64.0,25.0,2.0,511.0,roscos de galleta con chocolate blanco chocoaros galleteca de dia roscos de galleta con chocolate blanco chocoaros galleteca de dia bolsa 128 g,0.933,3.2,38.3,galletas
Galletas hookies tuestis,1.25,7.5,71.0,15.0,4.5,458.0,galletas hookies tuestis gullón galletas hookies tuestis gullón caja 400 + 200 g gratis,0.8941,3.75,48.55,galletas
Galletas de cacao rellenas de crema Galleteca de,0.83,4.4,64.2,20.1,0.0,461.0,galletas de cacao rellenas de crema galleteca de dia galletas de cacao rellenas de crema galleteca de dia caja 220 g,0.9595,2.2,33.71,galletas
Galletas de desayuno,2.95,7.5,73.0,15.0,2.9,463.0,galletas de desayuno cuétara galletas de desayuno cuétara tostarica caja 570 g,0.6293,3.75,44.95,galletas
Galletas con pepitas de chocolate Galleteca de,1.5,5.4,63.0,25.0,0.0,506.0,galletas con pepitas de chocolate galleteca de dia galletas con pepitas de chocolate galleteca de dia bolsa 225 g,0.8551,2.7,33.0,galletas
Galletas de cereales con vitaminas,3.49,5.7,71.0,18.0,2.5,474.0,galletas de cereales con vitaminas artiach galletas de cereales con vitaminas artiach dinosaurus caja 411 g,0.5452,2.85,40.35,galletas
Galleta con tres chocolates,0.89,0.0,0.0,0.0,0.0,0.0,galleta con tres chocolates el molino galleta con tres chocolates el molino de dia 76 g,0.9502,0.0,50.0,galletas
Galletas digestive Galleteca de,0.89,6.0,70.0,17.0,3.6,464.0,galletas digestive galleteca de dia galletas digestive galleteca de dia paquete 400 g,0.9502,3.0,43.7,galletas
Galletas digestive con avena y trigo Galleteca de,1.0,7.5,61.0,21.0,6.8,477.0,galletas digestive con avena y trigo galleteca de dia galletas digestive con avena y trigo galleteca de dia caja 425 g,0.933,3.75,52.15,galletas
Galleta con chips de chocolate con leche,0.89,0.0,0.0,0.0,0.0,0.0,galleta con chips de chocolate con leche el molino galleta con chips de chocolate con leche el molino de dia 76 g,0.9502,0.0,50.0,galletas
Galletas tostadas Galleteca de,1.39,7.6,76.0,9.7,4.6,431.0,galletas tostadas galleteca de dia galletas tostadas galleteca de dia paquete 800 g,0.8723,3.8,50.55,galletas
Atún en aceite de girasol Dia,3.73,18.0,0.0,34.0,0.0,378.0,atún en aceite de girasol dia mari marinera atún en aceite de girasol dia mari marinera 6 x 52 g,0.5078,9.0,60.0,conservas_y_caldos
Atún claro al natural Dia,4.2,23.0,0.0,0.9,0.0,100.0,atún claro al natural dia mari marinera atún claro al natural dia mari marinera 6 x 60 g,0.4346,11.5,84.05,conservas_y_caldos
Atún claro en aceite de oliva Dia,4.9,18.0,0.6,25.0,0.0,306.0,atún claro en aceite de oliva dia mari marinera atún claro en aceite de oliva dia mari marinera 6 x 60 g,0.3255,9.0,64.38,conservas_y_caldos
Atún en aceite de girasol Dia,6.5,14.8,0.0,33.8,0.0,363.0,atún en aceite de girasol dia mari marinera atún en aceite de girasol dia mari marinera 650 g,0.0763,7.4,55.3,conservas_y_caldos
Sardinillas en aceite de oliva Dia,2.05,17.0,0.0,22.0,0.0,267.0,sardinillas en aceite de oliva dia mari marinera sardinillas en aceite de oliva dia mari marinera 2 x 65 g,0.7695,8.5,64.5,conservas_y_caldos
Filetes de caballa del sur en aceite de oliva Dia,1.65,18.6,0.4,24.9,0.0,301.0,filetes de caballa del sur en aceite de oliva dia mari marinera filetes de caballa del sur en aceite de oliva dia mari marinera 85 g,0.8318,9.3,65.37,conservas_y_caldos
Sardinas en aceite de oliva Dia,1.25,20.0,0.5,25.0,0.0,308.0,sardinas en aceite de oliva dia mari marinera sardinas en aceite de oliva dia mari marinera 85 g,0.8941,10.0,67.4,conservas_y_caldos
Sardinillas en tomate Dia,1.09,18.0,1.0,8.7,0.0,155.0,sardinillas en tomate dia mari marinera sardinillas en tomate dia mari marinera 62 g,0.919,9.0,72.45,conservas_y_caldos
Mejillones en escabeche Dia,2.39,12.0,5.2,17.0,0.0,222.0,mejillones en escabeche dia mari marinera mejillones en escabeche dia mari marinera 3 x 43 g,0.7165,6.0,58.46,conservas_y_caldos
Mejillones en escabeche picantes 14/18 piezas Dia,1.99,12.0,5.2,17.0,0.0,222.0,mejillones en escabeche picantes 14/18 piezas dia mari marinera mejillones en escabeche picantes 14/18 piezas dia mari marinera 69 g,0.7788,6.0,58.46,conservas_y_caldos
Trozos de potón en salsa americana Dia,2.45,10.5,2.6,12.3,0.0,163.0,trozos de potón en salsa americana dia mari marinera trozos de potón en salsa americana dia mari marinera 3 x 51 g,0.7072,5.25,59.08,conservas_y_caldos
Potón del Pacífico en su tinta Dia,2.69,9.0,3.8,15.6,0.0,192.0,potón del pacífico en su tinta dia mari marinera potón del pacífico en su tinta dia mari marinera 3 x 51 g,0.6698,4.5,54.94,conservas_y_caldos
Pimientos del piquillo en tiras con ajo Dia,1.0,0.9,9.1,0.0,0.0,40.0,pimientos del piquillo en tiras con ajo dia vegecampo pimientos del piquillo en tiras con ajo dia vegecampo 225 g,0.933,0.45,49.53,conservas_y_caldos
Champiñones laminados Dia,1.0,2.4,1.0,0.0,2.3,22.0,champiñones laminados dia vegecampo champiñones laminados dia vegecampo 185 g,0.933,1.2,58.0,conservas_y_caldos
Maíz dulce Dia,1.6,2.4,12.6,1.2,0.0,77.0,maíz dulce dia vegecampo maíz dulce dia vegecampo 3 x 140 g,0.8396,1.2,50.48,conservas_y_caldos
Cebolla caramelizada Dia,1.88,0.9,16.0,4.0,0.0,105.0,cebolla caramelizada dia vegecampo cebolla caramelizada dia vegecampo 210 g,0.796,0.45,46.15,conservas_y_caldos
Piña en su jugo en rodajas,2.48,0.4,15.0,0.0,0.0,66.0,piña en su jugo en rodajas dia piña en su jugo en rodajas dia fruticampo 3 x 137 g,0.7025,0.2,47.6,conservas_y_caldos
Piña en su jugo en rodajas,2.1,0.4,15.0,0.0,0.0,66.0,piña en su jugo en rodajas dia piña en su jugo en rodajas dia fruticampo 490 g,0.7617,0.2,47.6,conservas_y_caldos
Melocotón en almíbar,2.45,0.5,14.2,0.5,0.0,58.0,melocotón en almíbar dia melocotón en almíbar dia fruticampo 3 x 115 g,0.7072,0.25,47.66,conservas_y_caldos
Puré de patatas,2.0,0.0,13.8,0.8,0.0,75.0,puré de patatas dia puré de patatas dia patatas unidas 500 g,0.7773,0.0,46.84,conservas_y_caldos
Crema de calabaza,1.0,0.0,5.1,1.1,0.0,36.0,crema de calabaza dia crema de calabaza dia al punto 500 ml,0.933,0.0,48.43,conservas_y_caldos
Crema de calabacín,1.0,0.0,6.0,1.0,0.0,37.0,crema de calabacín dia crema de calabacín dia al punto 500 ml,0.933,0.0,48.3,conservas_y_caldos
Crema de verduras,1.0,0.0,5.5,1.3,0.0,39.0,crema de verduras dia crema de verduras dia al punto 500 ml,0.933,0.0,48.25,conservas_y_caldos
Caldo de pollo,0.8,0.4,0.1,0.3,0.0,2.0,caldo de pollo dia caldo de pollo dia al punto 1 l,0.9642,0.2,50.43,conservas_y_caldos
Caldo de cocido,0.9,0.5,0.5,0.3,0.0,7.0,caldo de cocido dia caldo de cocido dia al punto 1 l,0.9486,0.25,50.5,conservas_y_caldos
Pastillas de caldo de pollo,1.45,12.0,20.0,7.7,0.0,199.0,pastillas de caldo de pollo dia pastillas de caldo de pollo dia al punto 24 unidades,0.8629,6.0,60.15,conservas_y_caldos
Pastillas de caldo de verduras,0.9,13.2,20.9,5.1,0.0,185.0,pastillas de caldo de verduras dia pastillas de caldo de verduras dia al punto 12 unidades,0.9486,6.6,63.07,conservas_y_caldos
Tarrrina helado lemon cake,2.99,0.0,29.0,15.1,0.0,266.0,tarrrina helado lemon cake dia tarrrina helado lemon cake dia temptation 350 g,0.6231,0.0,36.65,pastas_y_arroces
Gel de ducha melocotón,1.45,0.0,0.0,0.0,0.0,0.0,gel de ducha melocotón dia gel de ducha melocotón dia imaqe 400 ml,0.8629,0.0,50.0,pastas_y_arroces
Gel de ducha lima y menta,1.45,0.0,0.0,0.0,0.0,0.0,gel de ducha lima y menta dia gel de ducha lima y menta dia imaqe 400 ml,0.8629,0.0,50.0,pastas_y_arroces
Friegasuelos concentrado citronela Super Paco de,1.79,0.0,0.0,0.0,0.0,0.0,friegasuelos concentrado citronela super paco de dia friegasuelos concentrado citronela super paco de dia 1 l,0.81,0.0,50.0,pastas_y_arroces
Ambientador perlas citronela,1.45,0.0,0.0,0.0,0.0,0.0,ambientador perlas citronela dia ambientador perlas citronela dia super paco 110 g,0.8629,0.0,50.0,pastas_y_arroces
Detergente máquina polvo,3.59,0.0,0.0,0.0,0.0,0.0,detergente máquina polvo dia detergente máquina polvo dia super paco 25 lavados,0.5296,0.0,50.0,pastas_y_arroces
Detergente máquina polvo marsella,3.35,0.0,0.0,0.0,0.0,0.0,detergente máquina polvo marsella dia detergente máquina polvo marsella dia super paco 25 lavados,0.567,0.0,50.0,pastas_y_arroces
Estropajo limpieza delicada Super Paco de,1.2,0.0,0.0,0.0,0.0,0.0,estropajo limpieza delicada super paco de dia estropajo limpieza delicada super paco de dia 3 unidades,0.9019,0.0,50.0,pastas_y_arroces
Estropajo suciedad resistente Super Paco de,0.9,0.0,0.0,0.0,0.0,0.0,estropajo suciedad resistente super paco de dia estropajo suciedad resistente super paco de dia 3 unidades,0.9486,0.0,50.0,pastas_y_arroces
Estropajo salvauñas suciedad resistente Super Paco de,0.75,0.0,0.0,0.0,0.0,0.0,estropajo salvauñas suciedad resistente super paco de dia estropajo salvauñas suciedad resistente super paco de dia estuche 3 unidades,0.972,0.0,50.0,pastas_y_arroces
Estropajo salvauñas limpieza delicada Super Paco de,0.95,0.0,0.0,0.0,0.0,0.0,estropajo salvauñas limpieza delicada super paco de dia estropajo salvauñas limpieza delicada super paco de dia estuche 3 unidades,0.9408,0.0,50.0,pastas_y_arroces
Naranjas para zumo bolsa,3.79,0.0,0.0,0.0,0.0,0.0,naranjas para zumo bolsa desconocida naranjas para zumo bolsa 4 kg,0.4984,0.0,50.0,pastas_y_arroces
Patatas,3.79,0.0,0.0,0.0,0.0,0.0,patatas desconocida patatas 4 kg,0.4984,0.0,50.0,pastas_y_arroces
Calabacín unidad,0.57,0.0,0.0,0.0,0.0,0.0,calabacín unidad desconocida calabacín unidad 380 g aprox.,1.0,0.0,50.0,pastas_y_arroces
Champiñón entero bandeja,1.0,0.0,0.0,0.0,0.0,0.0,champiñón entero bandeja desconocida champiñón entero bandeja 250 g,0.933,0.0,50.0,pastas_y_arroces
Pera conferencia bandeja,1.29,0.0,0.0,0.0,0.0,0.0,pera conferencia bandeja desconocida pera conferencia bandeja 700 g,0.8879,0.0,50.0,pastas_y_arroces
Mango bandeja 2 unidades,1.49,0.0,0.0,0.0,0.0,0.0,mango bandeja 2 unidades desconocida mango bandeja 2 unidades,0.8567,0.0,50.0,pastas_y_arroces
Fresón bandeja,2.49,0.0,0.0,0.0,0.0,0.0,fresón bandeja desconocida fresón bandeja 500 g,0.7009,0.0,50.0,pastas_y_arroces
Mandarina selección malla,1.99,0.0,0.0,0.0,0.0,0.0,mandarina selección malla desconocida mandarina selección malla 750 g,0.7788,0.0,50.0,pastas_y_arroces
Arroz extra,1.0,6.8,78.0,0.7,0.0,348.0,arroz extra dia arroz extra dia arrozona 1 kg,0.933,3.4,44.25,pastas_y_arroces
Queso sándwich,1.0,28.0,0.0,17.0,0.0,265.0,queso sándwich dia queso sándwich dia láctea 160 g,0.933,14.0,83.5,pastas_y_arroces
Judías verdes planas Dia,1.0,0.7,2.6,0.5,0.0,16.0,judías verdes planas dia vegecampo judías verdes planas dia vegecampo 360 g,0.933,0.35,50.28,pastas_y_arroces
Lentejas con chorizo,1.0,5.1,8.9,3.2,0.0,90.0,lentejas con chorizo dia lentejas con chorizo dia al punto 430 g,0.933,2.55,54.27,pastas_y_arroces
Masa de hojaldre,1.0,5.9,36.5,23.4,0.0,396.0,masa de hojaldre dia masa de hojaldre dia al punto bolsa 230 g,0.933,2.95,39.85,pastas_y_arroces
Tortillas de trigo integral,1.0,9.4,41.0,6.8,0.0,283.0,tortillas de trigo integral dia tortillas de trigo integral dia al punto 320 g,0.933,4.7,52.5,pastas_y_arroces
Cóctel de picos,1.0,11.5,71.8,5.3,0.0,392.0,cóctel de picos el molino cóctel de picos el molino de dia 250 g,0.933,5.75,50.24,pastas_y_arroces
Sobaos,1.0,0.0,53.0,22.1,0.0,432.0,sobaos el molino sobaos el molino de dia bolsa 350 g,0.933,0.0,28.35,pastas_y_arroces
Gel de ducha hidratante de almendras y miel,1.0,0.0,0.0,0.0,0.0,0.0,gel de ducha hidratante de almendras y miel dia gel de ducha hidratante de almendras y miel dia imaqe botella 750 ml,0.933,0.0,50.0,pastas_y_arroces
Enjuague bucal protección dientes y encías,1.0,0.0,0.0,0.0,0.0,0.0,enjuague bucal protección dientes y encías dia enjuague bucal protección dientes y encías dia imaqe botella 500 ml,0.933,0.0,50.0,pastas_y_arroces
Toallitas para bebés cremosas Planeta Bebé de,1.0,0.0,0.0,0.0,0.0,0.0,toallitas para bebés cremosas planeta bebé de dia toallitas para bebés cremosas planeta bebé de dia bolsa 48 unidades,0.933,0.0,50.0,pastas_y_arroces
Jabón de manos de almendra y miel,1.0,0.0,0.0,0.0,0.0,0.0,jabón de manos de almendra y miel dia jabón de manos de almendra y miel dia imaqe bote 500 ml,0.933,0.0,50.0,pastas_y_arroces
Gel de ducha con glicerina clásico,1.0,0.0,0.0,0.0,0.0,0.0,gel de ducha con glicerina clásico dia gel de ducha con glicerina clásico dia imaqe botella 750 ml,0.933,0.0,50.0,pastas_y_arroces
Toallitas desmaquillantes para pieles sensibles con extractos de rosas,1.0,0.0,0.0,0.0,0.0,0.0,toallitas desmaquillantes para pieles sensibles con extractos de rosas dia toallitas desmaquillantes para pieles sensibles con extractos de rosas dia imaqe bolsa 30 unidades,0.933,0.0,50.0,pastas_y_arroces
Pasta de dientes herbal,1.0,0.0,0.0,0.0,0.0,0.0,pasta de dientes herbal dia pasta de dientes herbal dia imaqe tubo 75 ml,0.933,0.0,50.0,pastas_y_arroces
Enjuague bucal acción total,1.0,0.0,0.0,0.0,0.0,0.0,enjuague bucal acción total dia enjuague bucal acción total dia imaqe botella 500 ml,0.933,0.0,50.0,pastas_y_arroces
Arroz con secreto ibérico y setas,3.49,5.3,28.0,9.7,0.0,223.0,arroz con secreto ibérico y setas desconocida arroz con secreto ibérico y setas 350 g,0.5452,2.65,47.5,platos_preparados
Libritos de jamón y queso con patatas fritas,3.49,8.4,21.0,12.0,0.0,226.0,libritos de jamón y queso con patatas fritas desconocida libritos de jamón y queso con patatas fritas 250 g,0.5452,4.2,52.4,platos_preparados
Espaguetis carbonara,2.99,5.1,20.0,7.5,0.0,173.0,espaguetis carbonara desconocida espaguetis carbonara 350 g,0.6231,2.55,49.9,platos_preparados
Ensaladilla rusa,2.99,4.7,3.6,16.0,0.0,187.0,ensaladilla rusa desconocida ensaladilla rusa 350 g,0.6231,2.35,48.33,platos_preparados
Tortilla de patata ESTILO TRADICIONAL con cebolla 1.,6.99,4.1,11.0,8.3,1.9,139.0,tortilla de patata estilo tradicional con cebolla 1. desconocida tortilla de patata estilo tradicional con cebolla 1.3 kg,0.0,2.05,53.6,platos_preparados
Tortilla de patatas con cebolla,2.79,5.2,11.0,9.0,0.0,147.0,tortilla de patatas con cebolla dia tortilla de patatas con cebolla dia al punto 600 g,0.6542,2.6,51.1,platos_preparados
Empanada de atún,3.6,9.0,28.0,14.0,1.5,277.0,empanada de atún el molino empanada de atún el molino de dia 500 g,0.528,4.5,53.9,platos_preparados
Empanada de pollo cremoso,3.65,7.8,28.0,12.0,1.4,256.0,empanada de pollo cremoso el molino empanada de pollo cremoso el molino de dia 500 g,0.5202,3.9,52.9,platos_preparados
Pizza jamón y queso,2.41,12.0,26.0,7.5,0.0,223.0,pizza jamón y queso dia pizza jamón y queso dia al punto 400 g,0.7134,6.0,59.05,platos_preparados
Pizza 4 quesos,2.76,13.0,31.0,12.0,0.0,281.0,pizza 4 quesos dia pizza 4 quesos dia al punto 390 g,0.6589,6.5,57.3,platos_preparados
Pizza barbacoa,2.99,10.0,31.0,8.1,0.0,242.0,pizza barbacoa dia pizza barbacoa dia al punto 425 g,0.6231,5.0,54.75,platos_preparados
Pizza carbonara,2.7,0.0,28.2,9.4,0.0,244.0,pizza carbonara dia pizza carbonara dia al punto 400 g,0.6682,0.0,39.66,platos_preparados
Pizza cuatro quesos,2.49,11.5,27.0,10.7,0.0,254.0,pizza cuatro quesos dia pizza cuatro quesos dia al punto 400 g,0.7009,5.75,56.5,platos_preparados
Baguette de jamón y queso 2 unidades,1.89,11.0,28.0,6.2,0.0,217.0,baguette de jamón y queso 2 unidades dia baguette de jamón y queso 2 unidades dia al punto 250 g,0.7944,5.5,57.8,platos_preparados
Pizza barbacoa,2.49,9.9,28.0,8.3,0.0,231.0,pizza barbacoa dia pizza barbacoa dia al punto 350 g,0.7009,4.95,55.1,platos_preparados
Pizza Stranger Things royale California,4.49,15.0,14.0,11.0,3.0,215.0,pizza stranger things royale california desconocida pizza stranger things royale california 446 g,0.3894,7.5,70.2,platos_preparados
Sándwich mixto Casa,1.99,14.2,29.4,8.2,0.0,248.0,sándwich mixto casa tarradellas sándwich mixto casa tarradellas 240 g,0.7788,7.1,61.32,platos_preparados
Flautas de pollo y 2 quesos,2.16,15.1,30.0,7.0,0.0,243.0,flautas de pollo y 2 quesos dia flautas de pollo y 2 quesos dia al punto 275 g,0.7523,7.55,63.15,platos_preparados
Flautas de bacon y 2 quesos,2.16,8.7,29.8,12.0,0.0,262.0,flautas de bacon y 2 quesos dia flautas de bacon y 2 quesos dia al punto 275 g,0.7523,4.35,51.09,platos_preparados
Flautas de carne barbacoa con bacon,2.16,10.1,31.7,9.5,0.0,253.0,flautas de carne barbacoa con bacon dia flautas de carne barbacoa con bacon dia al punto 275 g,0.7523,5.05,54.06,platos_preparados
Fabada,1.0,6.0,11.0,8.5,0.0,150.0,fabada asturiana fabada asturiana dia al punto 435 g,0.933,3.0,52.55,platos_preparados
Albóndigas,1.78,8.4,5.1,9.5,0.0,142.0,albóndigas dia albóndigas dia al punto 415 g,0.8115,4.2,56.83,platos_preparados
Lasaña boloñesa,2.49,6.1,14.0,7.7,0.0,152.0,lasaña boloñesa dia lasaña boloñesa dia al punto 350 g,0.7009,3.05,52.5,platos_preparados
Crema de espárragos,1.5,1.0,3.7,3.0,0.0,25.0,crema de espárragos dia crema de espárragos dia al punto 300 g,0.8551,0.5,49.26,platos_preparados
Tortillas de trigo,1.02,8.0,53.0,7.4,0.0,316.0,tortillas de trigo dia tortillas de trigo dia al punto 320 g,0.9299,4.0,47.7,platos_preparados
Chili con carne Old El Paso,3.99,8.6,9.3,2.8,3.4,104.0,chili con carne old el paso desconocida chili con carne old el paso 418 g,0.4673,4.3,66.44,platos_preparados
"Relleno para fajitas con pollo, pimientos y cebolla",1.95,9.9,5.8,1.2,0.0,77.0,"relleno para fajitas con pollo, pimientos y cebolla dia relleno para fajitas con pollo, pimientos y cebolla dia al punto 300 g",0.785,4.95,63.09,platos_preparados
Noodles orientales sabor pollo,0.9,8.5,60.0,20.0,0.0,465.0,noodles orientales sabor pollo dia noodles orientales sabor pollo dia al punto 65 g,0.9486,4.25,40.75,platos_preparados
Noodles de pollo,1.55,2.1,12.0,3.9,0.0,92.0,noodles de pollo gallina blanca noodles de pollo gallina blanca yatekomo 60 g,0.8474,1.05,48.8,platos_preparados
Gyozas de pollo y verduras al teppanyaki,2.99,2.8,28.9,3.8,0.0,161.0,gyozas de pollo y verduras al teppanyaki dia gyozas de pollo y verduras al teppanyaki dia al punto 140 g,0.6231,1.4,46.52,platos_preparados
Rollitos de primavera,2.45,3.2,23.0,1.9,0.0,127.0,rollitos de primavera dia rollitos de primavera dia al punto 280 g,0.7072,1.6,49.25,platos_preparados
Ensalada César,2.79,7.8,8.0,12.0,0.0,171.0,ensalada césar dia ensalada césar dia al punto 210 g,0.6542,3.9,54.1,platos_preparados
Ensalada de pasta y rúcula Florette,3.09,7.3,22.0,7.8,1.5,192.0,ensalada de pasta y rúcula florette desconocida ensalada de pasta y rúcula florette 325 g,0.6075,3.65,55.65,platos_preparados
"Ensalada de pasta, atún y huevo",2.79,8.2,14.0,6.9,0.0,153.0,"ensalada de pasta, atún y huevo dia ensalada de pasta, atún y huevo dia al punto 265 g",0.6542,4.1,56.05,platos_preparados
Ensalada Xtreme pollo crispy Florette,3.49,7.8,10.0,21.0,2.1,260.0,ensalada xtreme pollo crispy florette desconocida ensalada xtreme pollo crispy florette 210 g,0.5452,3.9,53.4,platos_preparados
Gazpacho,1.69,0.6,3.0,2.3,0.0,37.0,gazpacho dia gazpacho dia al punto 1 l,0.8255,0.3,49.15,platos_preparados
Salmorejo,2.19,0.8,4.8,5.0,0.0,69.0,salmorejo dia salmorejo dia al punto 1 l,0.7477,0.4,47.74,platos_preparados
Gazpacho,2.19,0.6,3.0,2.3,0.0,37.0,gazpacho dia gazpacho dia al punto 3 x 330 ml,0.7477,0.3,49.15,platos_preparados
Gazpacho suave,1.89,0.5,2.8,2.4,0.0,37.0,gazpacho suave dia gazpacho suave dia al punto 1 l,0.7944,0.25,48.99,platos_preparados
